{
  "products": [
    {
      "name": "Biryani",
      "orderdate": "1-2-2019",
      "customer": "Vasu2",
      "address": "2-53, CHALKURU BLOCK 5-1 2, SOMANDEPALLI MANDAL",
      "phone": "9550747620",
      "id": 4
    },
    {
      "name": "Biryani",
      "orderdate": "1-2-2019",
      "customer": "Swetha33",
      "address": "2-53, CHALKURU BLOCK 5-1 2, SOMANDEPALLI MANDAL",
      "phone": "9550747620",
      "id": 6
    },
    {
      "name": "Biryani",
      "orderdate": "1-2-2019",
      "customer": "Vasu",
      "address": "2-53, CHALKURU BLOCK 5-1 2, SOMANDEPALLI MANDAL",
      "phone": "9550747620",
      "id": 8
    }
  ]
}